{
	"format_version": "1.8.0",
	"animations": {
		"animation.crow.fly": {
			"loop": true,
			"animation_length": 0.5,
			"bones": {
				"leg_r": {
					"rotation": {
						"0.0": [37.5, 0, 0],
						"0.25": [45, 0, 0],
						"0.5": [37.5, 0, 0]
					}
				},
				"leg_l": {
					"rotation": {
						"0.0": [37.5, 0, 0],
						"0.25": [47.5, 0, 0],
						"0.5": [37.5, 0, 0]
					}
				},
				"head": {
					"rotation": [-32.5, 0, 0]
				},
				"wing_l": {
					"rotation": {
						"0.0": [0, 0, 0],
						"0.125": [-34.81608, -14.90835, -20.30179],
						"0.25": [0, 0, 0],
						"0.375": [-33.96567, 30.18043, 25.33573],
						"0.5": [0, 0, 0]
					}
				},
				"wing_r": {
					"rotation": {
						"0.0": [0, 0, 0],
						"0.125": [-32.90921, 19.09208, 26.81303],
						"0.25": [0, 0, 0],
						"0.375": [-21.00947, -28.2084, -37.0674],
						"0.5": [0, 0, 0]
					}
				},
				"flygroup": {
					"rotation": {
						"0.0": [35, 0, 0],
						"0.125": [30, 0, 0],
						"0.25": [35, 0, 0],
						"0.375": [37.5, 0, 0],
						"0.5": [35, 0, 0]
					},
					"position": {
						"0.0": [0, 2, 4],
						"0.5": [0, 2, 4]
					}
				}
			}
		},
		"animation.crow.walk": {
			"loop": true,
			"animation_length": 1,
			"bones": {
				"head": {
					"rotation": {
						"0.0": [0, 0, 0],
						"0.5": [7.5, 0, 0],
						"1.0": [0, 0, 0]
					}
				},
				"tail": {
					"rotation": {
						"0.0": [0, 0, 0],
						"0.25": [0, 2.5, 0],
						"0.5": [0, 0, 0],
						"0.75": [0, -5, 0],
						"1.0": [0, 0, 0]
					}
				},
				"wing_l": {
					"rotation": {
						"0.0": [-1.91699, 37.45817, -70.65],
						"0.5": [1.91699, 37.45817, -64.35],
						"1.0": [-1.91699, 37.45817, -70.65]
					},
					"position": {
						"0.0": [0, 0, 0],
						"1.0": [0, 0, 0]
					}
				},
				"wing_r": {
					"rotation": {
						"0.0": [0, -37.5, 72.5],
						"0.5": [3.82607, -37.33289, 66.20702],
						"1.0": [0, -37.5, 72.5]
					},
					"position": {
						"0.0": [0, 0, 0],
						"1.0": [0, 0, 0]
					}
				},
				"body": {
					"rotation": {
						"0.0": [0, 0, 0],
						"0.5": [2.5, 0, 0],
						"1.0": [0, 0, 0]
					}
				},
				"leg_r": {
					"rotation": {
						"0.0": [0, 0, 0],
						"0.25": [-70, 0, 0],
						"0.5": [0, 0, 0],
						"0.75": [70, 0, 0],
						"1.0": [0, 0, 0]
					},
					"position": [0, 0, 0]
				},
				"leg_l": {
					"rotation": {
						"0.0": [0, 0, 0],
						"0.25": [70, 0, 0],
						"0.5": [0, 0, 0],
						"0.75": [-70, 0, 0],
						"1.0": [0, 0, 0]
					},
					"position": [0, 0, 0]
				}
			}
		},
		"animation.crow.idle": {
			"loop": true,
			"animation_length": 2,
			"bones": {
				"head": {
					"rotation": {
						"0.0": [0, 0, 0],
						"1.0": [5, 0, 0],
						"2.0": [0, 0, 0]
					}
				},
				"tail": {
					"rotation": {
						"0.0": [0, 0, 0],
						"0.5": [0, 2.5, 0],
						"1.0": [0, -0.83, 0],
						"1.5417": [0, -2.88, 0],
						"2.0": [0, 0, 0]
					}
				},
				"wing_l": {
					"rotation": {
						"0.0": [-1.91699, 37.45817, -70.65],
						"1.0": [1.91699, 37.45817, -64.35],
						"2.0": [-1.91699, 37.45817, -70.65]
					},
					"position": {
						"0.0": [0, 0, 0],
						"2.0": [0, 0, 0]
					}
				},
				"wing_r": {
					"rotation": {
						"0.0": [0, -37.5, 72.5],
						"1.0": [3.82607, -37.33289, 66.20702],
						"2.0": [0, -37.5, 72.5]
					},
					"position": {
						"0.0": [0, 0, 0],
						"2.0": [0, 0, 0]
					}
				}
			}
		},
		"animation.crow.inspect": {
			"loop": true,
			"animation_length": 4,
			"bones": {
				"head": {
					"rotation": {
						"0.0": [0, 0, 0],
						"1.375": [0, 0, 0],
						"1.5417": [0, 25, 0],
						"2.625": [0, 25, 0],
						"2.75": [-8.63462, 12.07623, -31.10636],
						"3.8333": [-8.63462, 12.07623, -31.10636],
						"4.0": [0, 0, 0]
					}
				},
				"tail": {
					"rotation": {
						"0.0": [0, 0, 0],
						"0.5": [0, 2.5, 0],
						"1.0": [0, -0.83, 0],
						"1.5417": [0, -2.88, 0],
						"2.0": [0, 0, 0]
					}
				},
				"wing_l": {
					"rotation": {
						"0.0": [-1.91699, 37.45817, -70.65],
						"1.0": [1.91699, 37.45817, -64.35],
						"2.0": [-1.91699, 37.45817, -70.65],
						"3.0": [1.91699, 37.45817, -64.35],
						"4.0": [-1.91699, 37.45817, -70.65]
					},
					"position": {
						"0.0": [0, 0, 0],
						"2.0": [0, 0, 0],
						"4.0": [0, 0, 0]
					}
				},
				"wing_r": {
					"rotation": {
						"0.0": [0, -37.5, 72.5],
						"1.0": [3.82607, -37.33289, 66.20702],
						"2.0": [0, -37.5, 72.5],
						"3.0": [3.82607, -37.33289, 66.20702],
						"4.0": [0, -37.5, 72.5]
					},
					"position": {
						"0.0": [0, 0, 0],
						"2.0": [0, 0, 0],
						"4.0": [0, 0, 0]
					}
				},
				"leg_l": {
					"rotation": {
						"0.0": [0, 0, 0],
						"1.375": [0, 0, 0],
						"1.5417": [0, 37.5, 0],
						"3.8333": [0, 37.5, 0],
						"4.0": [0, 0, 0]
					}
				}
			}
		},
		"animation.crow.extend": {
			"loop": "hold_on_last_frame",
			"animation_length": 0.5,
			"bones": {
				"head": {
					"rotation": {
						"0.0": [0, 0, 0],
						"0.1667": [5, 0, 0]
					}
				},
				"tail": {
					"rotation": {
						"0.0": [0, 0, 0],
						"0.1667": [0, 0, 0]
					}
				},
				"wing_l": {
					"rotation": {
						"0.0": [-1.91699, 37.45817, -70.65],
						"0.5": [20, 0, 0]
					},
					"position": [0, 0, 0]
				},
				"wing_r": {
					"rotation": {
						"0.0": [0, -37.5, 72.5],
						"0.5": [20, 0, 0]
					},
					"position": [0, 0, 0]
				}
			}
		},
		"animation.crow.tuck": {
			"loop": "hold_on_last_frame",
			"animation_length": 0.5,
			"bones": {
				"head": {
					"rotation": {
						"0.0": [0, 0, 0],
						"0.2083": [5, 0, 0]
					}
				},
				"tail": {
					"rotation": {
						"0.0": [0, 0, 0],
						"0.2083": [0, 0, 0]
					}
				},
				"wing_l": {
					"rotation": {
						"0.0": [20, 0, 0],
						"0.5": [-1.91699, 37.45817, -70.65]
					},
					"position": {
						"0.0": [0, 0, 0],
						"0.5": [0, 0, 0]
					}
				},
				"wing_r": {
					"rotation": {
						"0.0": [20, 0, 0],
						"0.5": [0, -37.5, 72.5]
					},
					"position": {
						"0.0": [0, 0, 0],
						"0.5": [0, 0, 0]
					}
				}
			}
		},
		"animation.crow.wash": {
			"loop": true,
			"animation_length": 6.83333,
			"bones": {
				"head": {
					"rotation": {
						"0.0": [0, 0, 0],
						"0.125": [0, 0, 42.5],
						"1.25": [0, 0, 42.5],
						"1.375": [0, 0, 0],
						"1.5417": [0, 25, 0],
						"2.625": [0, 25, 0],
						"2.75": [-8.63462, 12.07623, -31.10636],
						"3.2083": [-8.63462, 12.07623, -31.10636],
						"3.3333": [0, 0, 0],
						"4.0417": [5, 0, 0],
						"4.7917": [0, 0, 0],
						"5.7917": [5, 0, 0],
						"6.7917": [0, 0, 0]
					}
				},
				"tail": {
					"rotation": {
						"0.0": [0, 0, 0],
						"0.5": [0, 2.5, 0],
						"1.0": [0, -0.83, 0],
						"1.5417": [0, -2.88, 0],
						"2.0417": [0, -0.83, 0],
						"2.5417": [0, -2.88, 0],
						"3.0": [0, -0.83, 0],
						"3.375": [0, -2.88, 0],
						"3.4583": [0, -10.38, 0],
						"3.5417": [0, -2.88, 0],
						"3.625": [0, 14.62, 0],
						"3.7083": [0, -2.88, 0],
						"3.7917": [0, -15.38, 0],
						"3.875": [0, -2.88, 0],
						"3.9583": [0, 12.12, 0],
						"4.0417": [0, -2.88, 0],
						"4.125": [0, -17.88, 0],
						"4.2083": [0, -2.88, 0],
						"4.2917": [0, 17.12, 0],
						"4.375": [0, -2.88, 0],
						"4.4583": [0, -17.88, 0],
						"4.5417": [0, -2.88, 0],
						"4.625": [0, 12.12, 0],
						"4.7083": [0, -2.88, 0],
						"4.7917": [0, -20.38, 0],
						"4.875": [0, -2.88, 0],
						"4.9583": [0, 17.12, 0],
						"5.0417": [0, -2.88, 0],
						"5.125": [0, -20.38, 0],
						"5.2083": [0, 9.62, 0],
						"5.2917": [0, 12.12, 0],
						"5.375": [0, -2.88, 0],
						"6.0": [0, 0, 0],
						"6.7917": [0, 0, 0]
					}
				},
				"wing_l": {
					"rotation": {
						"0.0": [-1.91699, 37.45817, -70.65],
						"0.75": [1.91699, 37.45817, -64.35],
						"1.6667": [-1.91699, 37.45817, -70.65],
						"2.5": [1.91699, 37.45817, -64.35],
						"3.375": [-1.91699, 37.45817, -70.65],
						"3.5417": [37.26251, -4.55749, 28.46275],