{
	"format_version": "1.8.0",
	"animations": {
		"animation.shaman.idle": {
			"loop": true,
			"animation_length": 2,
			"bones": {
				"nose": {
					"rotation": {
						"0.0": {
							"post": [0, 0, 0],
							"lerp_mode": "catmullrom"
						},
						"0.9583": {
							"post": [-7, 0, 0],
							"lerp_mode": "catmullrom"
						},
						"2.0": {
							"post": [0, 0, 0],
							"lerp_mode": "catmullrom"
						}
					}
				},
				"bodywear": {
					"scale": {
						"0.0": [1, 1, 1],
						"0.9583": [1.03, 1, 1.03],
						"2.0": [1, 1, 1]
					}
				},
				"arms_rotation": {
					"rotation": {
						"0.0": [0, 0, 0],
						"1.2917": [-7.5, 0, 0],
						"2.0": [0, 0, 0]
					}
				},
				"pendant2": {
					"rotation": {
						"0.0": [0, 0, 0],
						"0.5": [0, 0, -10],
						"1.0": [0, 0, 0],
						"1.5417": [0, 0, 2.5],
						"2.0": [0, 0, 0]
					}
				},
				"pendant": {
					"rotation": {
						"0.0": [0, 0, 0],
						"0.5": [0, 0, -5],
						"1.0": [0, 0, 0],
						"1.5417": [0, 0, 7.5],
						"2.0": [0, 0, 0]
					}
				}
			}
		},
		"animation.shaman.walk": {
			"loop": true,
			"animation_length": 2,
			"bones": {
				"head": {
					"position": {
						"0.0": [0, 0, 0],
						"0.25": [0, 0.5, 0],
						"0.5": [0, 0, 0],
						"0.75": [0, 0.5, 0],
						"1.0": [0, 0, 0],
						"1.25": [0, 0.5, 0],
						"1.5": [0, 0, 0],
						"1.75": [0, 0.5, 0],
						"2.0": [0, 0, 0]
					}
				},
				"nose": {
					"rotation": {
						"0.0": [0, 0, 0],
						"0.25": [-2.47864, 0.32621, 7.49294],
						"0.5": [0, 0, 0],
						"0.75": [-2.47864, 0.32621, -7.4929],
						"1.0": [0, 0, 0],
						"1.25": [-2.47864, 0.32621, 7.49294],
						"1.5": [0, 0, 0],
						"1.75": [-2.47864, 0.32621, -7.4929],
						"2.0": [0, 0, 0]
					},
					"position": {
						"0.0": [0, 0, 0],
						"0.25": [0, 0.3, 0],
						"0.5": [0, 0, 0],
						"0.75": [0, 0.3, 0],
						"1.0": [0, 0, 0],
						"1.25": [0, 0.3, 0],
						"1.5": [0, 0, 0],
						"1.75": [0, 0.3, 0],
						"2.0": [0, 0, 0]
					}
				},
				"earing2": {
					"rotation": {
						"0.0": [0, 0, 0],
						"0.25": [-10, 0, 0],
						"0.5": [0, 0, 0],
						"0.75": [10, 0, 0],
						"1.0": [0, 0, 0],
						"1.25": [-10, 0, 0],
						"1.5": [0, 0, 0],
						"1.75": [10, 0, 0],
						"2.0": [0, 0, 0]
					},
					"position": {
						"0.0": [0, 0, 0],
						"0.25": [0, 0.5, 0],
						"0.5": [0, 0, 0],
						"0.75": [0, 0.5, 0],
						"1.0": [0, 0, 0],
						"1.25": [0, 0.5, 0],
						"1.5": [0, 0, 0],
						"1.75": [0, 0.5, 0],
						"2.0": [0, 0, 0]
					}
				},
				"earing": {
					"rotation": {
						"0.0": [0, 0, 0],
						"0.25": [-10, 0, 0],
						"0.5": [0, 0, 0],
						"0.75": [10, 0, 0],
						"1.0": [0, 0, 0],
						"1.25": [-10, 0, 0],
						"1.5": [0, 0, 0],
						"1.75": [10, 0, 0],
						"2.0": [0, 0, 0]
					},
					"position": {
						"0.0": [0, 0, 0],
						"0.25": [0, 0.5, 0],
						"0.5": [0, 0, 0],
						"0.75": [0, 0.5, 0],
						"1.0": [0, 0, 0],
						"1.25": [0, 0.5, 0],
						"1.5": [0, 0, 0],
						"1.75": [0, 0.5, 0],
						"2.0": [0, 0, 0]
					}
				},
				"skull_head": {
					"position": {
						"0.0": [0, 0, 0],
						"0.25": [0, 0.5, 0],
						"0.5": [0, 0, 0],
						"0.75": [0, 0.5, 0],
						"1.0": [0, 0, 0],
						"1.25": [0, 0.5, 0],
						"1.5": [0, 0, 0],
						"1.75": [0, 0.5, 0],
						"2.0": [0, 0, 0]
					}
				},
				"bone2": {
					"rotation": {
						"0.0": [0, 0, 0],
						"0.25": [0, 0, -5],
						"0.5": [0, 0, 0],
						"0.75": [0, 0, 5],
						"1.0": [0, 0, 0],
						"1.25": [0, 0, -5],
						"1.5": [0, 0, 0],
						"1.75": [0, 0, 5],
						"2.0": [0, 0, 0]
					}
				},
				"bone": {
					"rotation": {
						"0.0": [0, 0, 0],
						"0.25": [0, 0, -5],
						"0.5": [0, 0, 0],
						"0.75": [0, 0, 5],
						"1.0": [0, 0, 0],
						"1.25": [0, 0, -5],
						"1.5": [0, 0, 0],
						"1.75": [0, 0, 5],
						"2.0": [0, 0, 0]
					}
				},
				"earingmini": {
					"rotation": {
						"0.0": {
							"post": [0, 0, 0],
							"lerp_mode": "catmullrom"
						},
						"0.25": {
							"post": [7.5, 0, 0],
							"lerp_mode": "catmullrom"
						},
						"0.5": {
							"post": [0, 0, 0],
							"lerp_mode": "catmullrom"
						},
						"0.75": {
							"post": [-7.5, 0, 0],
							"lerp_mode": "catmullrom"
						},
						"1.0": {
							"post": [0, 0, 0],
							"lerp_mode": "catmullrom"
						},
						"1.25": {
							"post": [7.5, 0, 0],
							"lerp_mode": "catmullrom"
						},
						"1.5": {
							"post": [0, 0, 0],
							"lerp_mode": "catmullrom"
						},
						"1.75": {
							"post": [-7.5, 0, 0],
							"lerp_mode": "catmullrom"
						},
						"2.0": {
							"post": [0, 0, 0],
							"lerp_mode": "catmullrom"
						}
					},
					"position": {
						"0.0": {
							"post": [0, 0, 0],
							"lerp_mode": "catmullrom"
						},
						"0.25": {
							"post": [0, 0.5, 0],
							"lerp_mode": "catmullrom"
						},
						"0.5": {
							"post": [0, 0, 0],
							"lerp_mode": "catmullrom"
						},
						"0.75": {
							"post": [0, 0.5, 0],
							"lerp_mode": "catmullrom"
						},
						"1.0": {
							"post": [0, 0, 0],
							"lerp_mode": "catmullrom"
						},
						"1.25": {
							"post": [0, 0.5, 0],
							"lerp_mode": "catmullrom"
						},
						"1.5": {
							"post": [0, 0, 0],
							"lerp_mode": "catmullrom"
						},
						"1.75": {
							"post": [0, 0.5, 0],
							"lerp_mode": "catmullrom"
						},
						"2.0": {
							"post": [0, 0, 0],
							"lerp_mode": "catmullrom"
						}
					}
				},
				"body": {
					"rotation": {
						"0.0": [0, 0, 0],
						"0.25": [0, -5, 0],
						"0.5": [0, 0, 0],
						"0.75": [0, 5, 0],
						"1.0": [0, 0, 0],
						"1.25": [0, -5, 0],
						"1.5": [0, 0, 0],
						"1.75": [0, 5, 0],
						"2.0": [0, 0, 0]
					},
					"position": {
						"0.0": [0, 0, 0],
						"0.25": [0, 0.5, 0],
						"0.5": [0, 0, 0],
						"0.75": [0, 0.5, 0],
						"1.0": [0, 0, 0],
						"1.25": [0, 0.5, 0],
						"1.5": [0, 0, 0],
						"1.75": [0, 0.5, 0],
						"2.0": [0, 0, 0]
					}
				},
				"bodywear": {
					"rotation": {
						"0.0": [0, 0, 0],
						"0.25": [0, -5, 0],
						"0.5": [0, 0, 0],
						"0.75": [0, 5, 0],
						"1.0": [0, 0, 0],
						"1.25": [0, -5, 0],
						"1.5": [0, 0, 0],
						"1.75": [0, 5, 0],
						"2.0": [0, 0, 0]
					},
					"position": {
						"0.0": [0, 0, 0],
						"0.25": [0, 0.6, 0],
						"0.5": [0, 0, 0],
						"0.75": [0, 0.6, 0],
						"1.0": [0, 0, 0],
						"1.25": [0, 0.6, 0],
						"1.5": [0, 0, 0],
						"1.75": [0, 0.6, 0],
						"2.0": [0, 0, 0]
					},
					"scale": {
						"0.0": [1, 1, 1],
						"0.9583": [1.03, 1, 1.03],
						"2.0": [1, 1, 1]
					}
				},
				"potion": {
					"rotation": {
						"0.0": {
							"post": [0, 0, 0],
							"lerp_mode": "catmullrom"
						},
						"0.25": {
							"post": [-10, 0, 0],
							"lerp_mode": "catmullrom"
						},
						"0.5": {
							"post": [0, 0, 0],
							"lerp_mode": "catmullrom"
						},
						"0.75": {
							"post": [10, 0, 0],
							"lerp_mode": "catmullrom"
						},
						"1.0": {
							"post": [0, 0, 0],
							"lerp_mode": "catmullrom"
						},
						"1.25": {
							"post": [-10, 0, 0],
							"lerp_mode": "catmullrom"
						},
						"1.5": {
							"post": [0, 0, 0],
							"lerp_mode": "catmullrom"
						},
						"1.75": {
							"post": [10, 0, 0],
							"lerp_mode": "catmullrom"
						},
						"2.0": {
							"post": [0, 0, 0],
							"lerp_mode": "catmullrom"
						}
					},
					"position": {
						"0.0": {
							"post": [0, 0, 0],
							"lerp_mode": "catmullrom"
						},
						"0.25": {
							"post": [0, 0.5, 0],
							"lerp_mode": "catmullrom"
						},
						"0.5": {
							"post": [0, 0, 0],
							"lerp_mode": "catmullrom"
						},
						"0.75": {
							"post": [0, 0.5, 0],
							"lerp_mode": "catmullrom"
						},
						"1.0": {
							"post": [0, 0, 0],
							"lerp_mode": "catmullrom"
						},
						"1.25": {
							"post": [0, 0.5, 0],
							"lerp_mode": "catmullrom"
						},
						"1.5": {
							"post": [0, 0, 0],